0,System Time: 23 second, System Mem: 3 Gb,414 Mb, 
1,System Time: 40 second, System Mem: 3 Gb,382 Mb, 
2,System Time: 43 second, System Mem: 2 Gb,271 Mb, 
3,System Time: 31 second, System Mem: 3 Gb,493 Mb, 
4,System Time: 37 second, System Mem: 3 Gb,411 Mb, 
5,System Time: 36 second, System Mem: 2 Gb,266 Mb, 
6,System Time: 21 second, System Mem: 3 Gb,503 Mb, 
7,System Time: 43 second, System Mem: 3 Gb,476 Mb, 
8,System Time: 40 second, System Mem: 2 Gb,257 Mb, 
9,System Time: 21 second, System Mem: 3 Gb,274 Mb, 
10,System Time: 27 second, System Mem: 3 Gb,322 Mb, 
11,System Time: 41 second, System Mem: 2 Gb,499 Mb, 
12,System Time: 45 second, System Mem: 3 Gb,370 Mb, 
13,System Time: 22 second, System Mem: 2 Gb,297 Mb, 
14,System Time: 32 second, System Mem: 2 Gb,431 Mb, 
15,System Time: 37 second, System Mem: 2 Gb,459 Mb, 
16,System Time: 33 second, System Mem: 2 Gb,355 Mb, 
17,System Time: 22 second, System Mem: 3 Gb,392 Mb, 
18,System Time: 25 second, System Mem: 2 Gb,440 Mb, 
19,System Time: 37 second, System Mem: 3 Gb,435 Mb, 
20,System Time: 24 second, System Mem: 3 Gb,269 Mb, 
21,System Time: 39 second, System Mem: 2 Gb,284 Mb, 
22,System Time: 27 second, System Mem: 2 Gb,452 Mb, 
23,System Time: 38 second, System Mem: 2 Gb,361 Mb, 
24,System Time: 38 second, System Mem: 2 Gb,452 Mb, 
25,System Time: 29 second, System Mem: 3 Gb,329 Mb, 
26,System Time: 33 second, System Mem: 3 Gb,479 Mb, 
27,System Time: 21 second, System Mem: 2 Gb,269 Mb, 
28,System Time: 32 second, System Mem: 3 Gb,295 Mb, 
29,System Time: 39 second, System Mem: 3 Gb,419 Mb, 
30,System Time: 43 second, System Mem: 2 Gb,386 Mb, 
31,System Time: 40 second, System Mem: 2 Gb,426 Mb, 
32,System Time: 24 second, System Mem: 3 Gb,496 Mb, 
33,System Time: 21 second, System Mem: 2 Gb,478 Mb, 
34,System Time: 39 second, System Mem: 2 Gb,333 Mb, 
35,System Time: 26 second, System Mem: 3 Gb,430 Mb, 
36,System Time: 20 second, System Mem: 2 Gb,310 Mb, 
37,System Time: 43 second, System Mem: 3 Gb,462 Mb, 
38,System Time: 32 second, System Mem: 3 Gb,350 Mb, 
39,System Time: 20 second, System Mem: 3 Gb,323 Mb, 
40,System Time: 34 second, System Mem: 3 Gb,421 Mb, 
41,System Time: 28 second, System Mem: 3 Gb,340 Mb, 
42,System Time: 33 second, System Mem: 2 Gb,495 Mb, 
43,System Time: 32 second, System Mem: 3 Gb,288 Mb, 
44,System Time: 21 second, System Mem: 2 Gb,469 Mb, 
45,System Time: 42 second, System Mem: 2 Gb,358 Mb, 
46,System Time: 27 second, System Mem: 2 Gb,378 Mb, 
47,System Time: 22 second, System Mem: 2 Gb,444 Mb, 
48,System Time: 44 second, System Mem: 3 Gb,278 Mb, 
49,System Time: 22 second, System Mem: 3 Gb,262 Mb, 
50,System Time: 24 second, System Mem: 2 Gb,509 Mb, 
51,System Time: 44 second, System Mem: 3 Gb,342 Mb, 
52,System Time: 31 second, System Mem: 2 Gb,388 Mb, 
53,System Time: 43 second, System Mem: 3 Gb,402 Mb, 
54,System Time: 37 second, System Mem: 2 Gb,366 Mb, 
55,System Time: 32 second, System Mem: 2 Gb,407 Mb, 
56,System Time: 27 second, System Mem: 2 Gb,464 Mb, 
57,System Time: 45 second, System Mem: 2 Gb,275 Mb, 
58,System Time: 34 second, System Mem: 2 Gb,477 Mb, 
59,System Time: 32 second, System Mem: 2 Gb,495 Mb, 
60,System Time: 45 second, System Mem: 2 Gb,495 Mb, 
61,System Time: 28 second, System Mem: 2 Gb,303 Mb, 
62,System Time: 39 second, System Mem: 2 Gb,378 Mb, 
63,System Time: 22 second, System Mem: 2 Gb,286 Mb, 
64,System Time: 28 second, System Mem: 2 Gb,476 Mb, 
65,System Time: 44 second, System Mem: 2 Gb,350 Mb, 
66,System Time: 31 second, System Mem: 2 Gb,274 Mb, 
67,System Time: 32 second, System Mem: 2 Gb,287 Mb, 
68,System Time: 23 second, System Mem: 2 Gb,288 Mb, 
69,System Time: 30 second, System Mem: 2 Gb,323 Mb, 
70,System Time: 34 second, System Mem: 3 Gb,432 Mb, 
71,System Time: 24 second, System Mem: 2 Gb,485 Mb, 
72,System Time: 39 second, System Mem: 2 Gb,490 Mb, 
73,System Time: 42 second, System Mem: 3 Gb,347 Mb, 
74,System Time: 26 second, System Mem: 2 Gb,485 Mb, 
75,System Time: 38 second, System Mem: 2 Gb,415 Mb, 
76,System Time: 26 second, System Mem: 3 Gb,268 Mb, 
77,System Time: 29 second, System Mem: 2 Gb,487 Mb, 
78,System Time: 42 second, System Mem: 2 Gb,271 Mb, 
79,System Time: 38 second, System Mem: 2 Gb,306 Mb, 
80,System Time: 31 second, System Mem: 2 Gb,260 Mb, 
81,System Time: 42 second, System Mem: 3 Gb,381 Mb, 
82,System Time: 32 second, System Mem: 3 Gb,314 Mb, 
83,System Time: 30 second, System Mem: 2 Gb,290 Mb, 
84,System Time: 36 second, System Mem: 2 Gb,388 Mb, 
85,System Time: 20 second, System Mem: 3 Gb,480 Mb, 
86,System Time: 28 second, System Mem: 3 Gb,403 Mb, 
87,System Time: 27 second, System Mem: 2 Gb,317 Mb, 
88,System Time: 45 second, System Mem: 3 Gb,472 Mb, 
89,System Time: 41 second, System Mem: 3 Gb,316 Mb, 
90,System Time: 38 second, System Mem: 3 Gb,511 Mb, 
91,System Time: 41 second, System Mem: 2 Gb,501 Mb, 
92,System Time: 42 second, System Mem: 2 Gb,486 Mb, 
93,System Time: 43 second, System Mem: 3 Gb,390 Mb, 
94,System Time: 38 second, System Mem: 2 Gb,442 Mb, 
95,System Time: 45 second, System Mem: 2 Gb,379 Mb, 
96,System Time: 20 second, System Mem: 2 Gb,446 Mb, 
97,System Time: 36 second, System Mem: 3 Gb,395 Mb, 
98,System Time: 42 second, System Mem: 2 Gb,418 Mb, 
99,System Time: 33 second, System Mem: 3 Gb,378 Mb, 
100,System Time: 30 second, System Mem: 2 Gb,490 Mb, 
101,System Time: 36 second, System Mem: 3 Gb,266 Mb, 
102,System Time: 41 second, System Mem: 3 Gb,374 Mb, 
103,System Time: 26 second, System Mem: 3 Gb,434 Mb, 
104,System Time: 45 second, System Mem: 2 Gb,474 Mb, 
105,System Time: 22 second, System Mem: 3 Gb,443 Mb, 
106,System Time: 24 second, System Mem: 2 Gb,488 Mb, 
107,System Time: 24 second, System Mem: 2 Gb,433 Mb, 
108,System Time: 23 second, System Mem: 3 Gb,361 Mb, 
109,System Time: 32 second, System Mem: 2 Gb,422 Mb, 
110,System Time: 20 second, System Mem: 3 Gb,315 Mb, 
111,System Time: 22 second, System Mem: 3 Gb,355 Mb, 
112,System Time: 35 second, System Mem: 2 Gb,280 Mb, 
113,System Time: 41 second, System Mem: 3 Gb,355 Mb, 
114,System Time: 42 second, System Mem: 3 Gb,447 Mb, 
115,System Time: 42 second, System Mem: 2 Gb,381 Mb, 
116,System Time: 42 second, System Mem: 3 Gb,485 Mb, 
117,System Time: 43 second, System Mem: 2 Gb,307 Mb, 
118,System Time: 43 second, System Mem: 2 Gb,512 Mb, 
119,System Time: 40 second, System Mem: 3 Gb,359 Mb, 
120,System Time: 34 second, System Mem: 3 Gb,435 Mb, 
121,System Time: 43 second, System Mem: 2 Gb,281 Mb, 
122,System Time: 31 second, System Mem: 2 Gb,343 Mb, 
123,System Time: 36 second, System Mem: 2 Gb,351 Mb, 
124,System Time: 40 second, System Mem: 2 Gb,399 Mb, 
125,System Time: 28 second, System Mem: 2 Gb,428 Mb, 
126,System Time: 43 second, System Mem: 3 Gb,271 Mb, 
127,System Time: 45 second, System Mem: 2 Gb,416 Mb, 
128,System Time: 21 second, System Mem: 2 Gb,342 Mb, 
129,System Time: 39 second, System Mem: 3 Gb,510 Mb, 
130,System Time: 35 second, System Mem: 2 Gb,426 Mb, 
131,System Time: 21 second, System Mem: 2 Gb,459 Mb, 
132,System Time: 45 second, System Mem: 3 Gb,352 Mb, 
133,System Time: 30 second, System Mem: 3 Gb,276 Mb, 
134,System Time: 24 second, System Mem: 3 Gb,412 Mb, 
135,System Time: 29 second, System Mem: 3 Gb,479 Mb, 
136,System Time: 24 second, System Mem: 2 Gb,374 Mb, 
137,System Time: 45 second, System Mem: 2 Gb,391 Mb, 
138,System Time: 29 second, System Mem: 3 Gb,277 Mb, 
139,System Time: 45 second, System Mem: 2 Gb,314 Mb, 
140,System Time: 31 second, System Mem: 3 Gb,506 Mb, 
141,System Time: 31 second, System Mem: 2 Gb,442 Mb, 
142,System Time: 37 second, System Mem: 3 Gb,325 Mb, 
143,System Time: 39 second, System Mem: 2 Gb,491 Mb, 
144,System Time: 37 second, System Mem: 2 Gb,460 Mb, 
145,System Time: 40 second, System Mem: 3 Gb,347 Mb, 
146,System Time: 35 second, System Mem: 3 Gb,260 Mb, 
147,System Time: 34 second, System Mem: 2 Gb,361 Mb, 
148,System Time: 33 second, System Mem: 2 Gb,474 Mb, 
149,System Time: 41 second, System Mem: 2 Gb,284 Mb, 
150,System Time: 31 second, System Mem: 3 Gb,360 Mb, 
151,System Time: 29 second, System Mem: 3 Gb,364 Mb, 
152,System Time: 30 second, System Mem: 3 Gb,298 Mb, 
153,System Time: 22 second, System Mem: 3 Gb,432 Mb, 
154,System Time: 45 second, System Mem: 3 Gb,302 Mb, 
155,System Time: 25 second, System Mem: 2 Gb,487 Mb, 
156,System Time: 33 second, System Mem: 3 Gb,275 Mb, 
157,System Time: 28 second, System Mem: 2 Gb,267 Mb, 
158,System Time: 24 second, System Mem: 3 Gb,457 Mb, 
159,System Time: 22 second, System Mem: 3 Gb,284 Mb, 
160,System Time: 26 second, System Mem: 2 Gb,433 Mb, 
161,System Time: 22 second, System Mem: 2 Gb,276 Mb, 
162,System Time: 38 second, System Mem: 2 Gb,324 Mb, 
163,System Time: 43 second, System Mem: 2 Gb,479 Mb, 
164,System Time: 26 second, System Mem: 2 Gb,322 Mb, 
165,System Time: 29 second, System Mem: 2 Gb,268 Mb, 
166,System Time: 43 second, System Mem: 2 Gb,378 Mb, 
167,System Time: 25 second, System Mem: 3 Gb,319 Mb, 
168,System Time: 21 second, System Mem: 3 Gb,351 Mb, 
169,System Time: 40 second, System Mem: 2 Gb,290 Mb, 
170,System Time: 32 second, System Mem: 2 Gb,458 Mb, 
171,System Time: 45 second, System Mem: 2 Gb,373 Mb, 
172,System Time: 26 second, System Mem: 3 Gb,380 Mb, 
173,System Time: 23 second, System Mem: 3 Gb,265 Mb, 
174,System Time: 35 second, System Mem: 2 Gb,272 Mb, 
175,System Time: 30 second, System Mem: 2 Gb,440 Mb, 
176,System Time: 33 second, System Mem: 3 Gb,268 Mb, 
177,System Time: 34 second, System Mem: 3 Gb,421 Mb, 
178,System Time: 30 second, System Mem: 3 Gb,296 Mb, 
179,System Time: 29 second, System Mem: 3 Gb,399 Mb, 
180,System Time: 27 second, System Mem: 3 Gb,290 Mb, 
181,System Time: 34 second, System Mem: 2 Gb,468 Mb, 
182,System Time: 27 second, System Mem: 2 Gb,417 Mb, 
183,System Time: 26 second, System Mem: 2 Gb,343 Mb, 
184,System Time: 45 second, System Mem: 3 Gb,467 Mb, 
185,System Time: 44 second, System Mem: 2 Gb,400 Mb, 
186,System Time: 44 second, System Mem: 3 Gb,366 Mb, 
187,System Time: 21 second, System Mem: 2 Gb,298 Mb, 
188,System Time: 41 second, System Mem: 3 Gb,437 Mb, 
189,System Time: 40 second, System Mem: 3 Gb,394 Mb, 
190,System Time: 21 second, System Mem: 3 Gb,319 Mb, 
191,System Time: 31 second, System Mem: 3 Gb,282 Mb, 
192,System Time: 34 second, System Mem: 3 Gb,510 Mb, 
193,System Time: 44 second, System Mem: 3 Gb,322 Mb, 
194,System Time: 29 second, System Mem: 3 Gb,402 Mb, 
195,System Time: 31 second, System Mem: 3 Gb,446 Mb, 
196,System Time: 32 second, System Mem: 3 Gb,480 Mb, 
197,System Time: 43 second, System Mem: 2 Gb,487 Mb, 
198,System Time: 40 second, System Mem: 2 Gb,278 Mb, 
199,System Time: 24 second, System Mem: 2 Gb,444 Mb, 
200,System Time: 38 second, System Mem: 2 Gb,415 Mb, 
201,System Time: 41 second, System Mem: 3 Gb,497 Mb, 
202,System Time: 44 second, System Mem: 2 Gb,388 Mb, 
203,System Time: 20 second, System Mem: 2 Gb,418 Mb, 
204,System Time: 31 second, System Mem: 3 Gb,294 Mb, 
205,System Time: 28 second, System Mem: 2 Gb,448 Mb, 
206,System Time: 29 second, System Mem: 2 Gb,427 Mb, 
207,System Time: 20 second, System Mem: 2 Gb,450 Mb, 
208,System Time: 25 second, System Mem: 2 Gb,506 Mb, 
209,System Time: 23 second, System Mem: 2 Gb,467 Mb, 
210,System Time: 42 second, System Mem: 3 Gb,462 Mb, 
211,System Time: 41 second, System Mem: 2 Gb,346 Mb, 
212,System Time: 39 second, System Mem: 3 Gb,388 Mb, 
213,System Time: 20 second, System Mem: 2 Gb,429 Mb, 
214,System Time: 41 second, System Mem: 2 Gb,277 Mb, 
215,System Time: 40 second, System Mem: 3 Gb,476 Mb, 
216,System Time: 25 second, System Mem: 2 Gb,302 Mb, 
217,System Time: 35 second, System Mem: 3 Gb,428 Mb, 
218,System Time: 23 second, System Mem: 2 Gb,499 Mb, 
219,System Time: 40 second, System Mem: 3 Gb,485 Mb, 
220,System Time: 37 second, System Mem: 3 Gb,358 Mb, 
221,System Time: 20 second, System Mem: 3 Gb,389 Mb, 
222,System Time: 28 second, System Mem: 2 Gb,431 Mb, 
223,System Time: 28 second, System Mem: 2 Gb,301 Mb, 
224,System Time: 38 second, System Mem: 3 Gb,373 Mb, 
225,System Time: 31 second, System Mem: 2 Gb,281 Mb, 
226,System Time: 36 second, System Mem: 3 Gb,495 Mb, 
227,System Time: 43 second, System Mem: 3 Gb,405 Mb, 
228,System Time: 43 second, System Mem: 2 Gb,275 Mb, 
229,System Time: 30 second, System Mem: 3 Gb,477 Mb, 
230,System Time: 25 second, System Mem: 3 Gb,421 Mb, 
231,System Time: 37 second, System Mem: 3 Gb,329 Mb, 
232,System Time: 20 second, System Mem: 2 Gb,367 Mb, 
233,System Time: 20 second, System Mem: 2 Gb,487 Mb, 
234,System Time: 45 second, System Mem: 2 Gb,305 Mb, 
235,System Time: 45 second, System Mem: 2 Gb,417 Mb, 
236,System Time: 23 second, System Mem: 3 Gb,341 Mb, 
237,System Time: 41 second, System Mem: 2 Gb,393 Mb, 
238,System Time: 32 second, System Mem: 3 Gb,403 Mb, 
239,System Time: 22 second, System Mem: 3 Gb,417 Mb, 
240,System Time: 43 second, System Mem: 3 Gb,425 Mb, 
241,System Time: 25 second, System Mem: 2 Gb,260 Mb, 
242,System Time: 31 second, System Mem: 3 Gb,310 Mb, 
243,System Time: 33 second, System Mem: 3 Gb,488 Mb, 
244,System Time: 31 second, System Mem: 3 Gb,455 Mb, 
245,System Time: 43 second, System Mem: 2 Gb,395 Mb, 
246,System Time: 41 second, System Mem: 2 Gb,506 Mb, 
247,System Time: 38 second, System Mem: 3 Gb,341 Mb, 
248,System Time: 30 second, System Mem: 2 Gb,441 Mb, 
249,System Time: 34 second, System Mem: 2 Gb,469 Mb, 
250,System Time: 43 second, System Mem: 3 Gb,350 Mb, 
251,System Time: 36 second, System Mem: 2 Gb,298 Mb, 
252,System Time: 44 second, System Mem: 2 Gb,396 Mb, 
253,System Time: 45 second, System Mem: 3 Gb,277 Mb, 
254,System Time: 33 second, System Mem: 2 Gb,346 Mb, 
255,System Time: 35 second, System Mem: 2 Gb,285 Mb, 
256,System Time: 44 second, System Mem: 3 Gb,440 Mb, 
257,System Time: 28 second, System Mem: 2 Gb,284 Mb, 
258,System Time: 28 second, System Mem: 2 Gb,328 Mb, 
259,System Time: 41 second, System Mem: 2 Gb,311 Mb, 
260,System Time: 37 second, System Mem: 2 Gb,470 Mb, 
261,System Time: 32 second, System Mem: 3 Gb,273 Mb, 
262,System Time: 44 second, System Mem: 2 Gb,455 Mb, 
263,System Time: 22 second, System Mem: 2 Gb,475 Mb, 
264,System Time: 20 second, System Mem: 3 Gb,452 Mb, 
265,System Time: 31 second, System Mem: 2 Gb,407 Mb, 
266,System Time: 38 second, System Mem: 2 Gb,436 Mb, 
267,System Time: 36 second, System Mem: 3 Gb,317 Mb, 
268,System Time: 25 second, System Mem: 2 Gb,424 Mb, 
269,System Time: 32 second, System Mem: 2 Gb,465 Mb, 
270,System Time: 44 second, System Mem: 3 Gb,309 Mb, 
271,System Time: 25 second, System Mem: 2 Gb,356 Mb, 
272,System Time: 43 second, System Mem: 3 Gb,347 Mb, 
273,System Time: 37 second, System Mem: 3 Gb,310 Mb, 
274,System Time: 43 second, System Mem: 2 Gb,382 Mb, 
275,System Time: 42 second, System Mem: 2 Gb,331 Mb, 
276,System Time: 32 second, System Mem: 2 Gb,305 Mb, 
277,System Time: 28 second, System Mem: 2 Gb,335 Mb, 
278,System Time: 39 second, System Mem: 2 Gb,357 Mb, 
279,System Time: 22 second, System Mem: 3 Gb,485 Mb, 
280,System Time: 33 second, System Mem: 3 Gb,270 Mb, 
281,System Time: 42 second, System Mem: 2 Gb,390 Mb, 
282,System Time: 42 second, System Mem: 2 Gb,413 Mb, 
283,System Time: 34 second, System Mem: 3 Gb,300 Mb, 
284,System Time: 33 second, System Mem: 3 Gb,362 Mb, 
285,System Time: 34 second, System Mem: 2 Gb,360 Mb, 
286,System Time: 39 second, System Mem: 2 Gb,417 Mb, 
287,System Time: 35 second, System Mem: 2 Gb,285 Mb, 
288,System Time: 27 second, System Mem: 3 Gb,319 Mb, 
289,System Time: 43 second, System Mem: 2 Gb,404 Mb, 
290,System Time: 30 second, System Mem: 3 Gb,261 Mb, 
291,System Time: 22 second, System Mem: 2 Gb,471 Mb, 
292,System Time: 38 second, System Mem: 3 Gb,426 Mb, 
293,System Time: 32 second, System Mem: 3 Gb,319 Mb, 
294,System Time: 33 second, System Mem: 3 Gb,284 Mb, 
295,System Time: 27 second, System Mem: 3 Gb,399 Mb, 
296,System Time: 44 second, System Mem: 2 Gb,262 Mb, 
297,System Time: 35 second, System Mem: 2 Gb,497 Mb, 
298,System Time: 42 second, System Mem: 3 Gb,365 Mb, 
299,System Time: 42 second, System Mem: 2 Gb,447 Mb, 
300,System Time: 42 second, System Mem: 3 Gb,343 Mb, 
301,System Time: 43 second, System Mem: 3 Gb,426 Mb, 
302,System Time: 44 second, System Mem: 3 Gb,453 Mb, 
303,System Time: 36 second, System Mem: 3 Gb,260 Mb, 
304,System Time: 45 second, System Mem: 3 Gb,384 Mb, 
305,System Time: 44 second, System Mem: 2 Gb,352 Mb, 
306,System Time: 39 second, System Mem: 3 Gb,443 Mb, 
307,System Time: 33 second, System Mem: 2 Gb,275 Mb, 
308,System Time: 24 second, System Mem: 2 Gb,324 Mb, 
309,System Time: 44 second, System Mem: 3 Gb,423 Mb, 
310,System Time: 41 second, System Mem: 2 Gb,352 Mb, 
311,System Time: 24 second, System Mem: 3 Gb,427 Mb, 
312,System Time: 20 second, System Mem: 2 Gb,465 Mb, 
313,System Time: 25 second, System Mem: 2 Gb,495 Mb, 
314,System Time: 30 second, System Mem: 3 Gb,438 Mb, 
315,System Time: 23 second, System Mem: 3 Gb,436 Mb, 
316,System Time: 45 second, System Mem: 2 Gb,342 Mb, 
317,System Time: 31 second, System Mem: 2 Gb,391 Mb, 
318,System Time: 22 second, System Mem: 2 Gb,303 Mb, 
319,System Time: 32 second, System Mem: 2 Gb,421 Mb, 
320,System Time: 37 second, System Mem: 3 Gb,512 Mb, 
321,System Time: 26 second, System Mem: 2 Gb,358 Mb, 
322,System Time: 28 second, System Mem: 3 Gb,349 Mb, 
323,System Time: 44 second, System Mem: 3 Gb,493 Mb, 
324,System Time: 45 second, System Mem: 3 Gb,259 Mb, 
325,System Time: 32 second, System Mem: 2 Gb,402 Mb, 
326,System Time: 42 second, System Mem: 3 Gb,372 Mb, 
327,System Time: 22 second, System Mem: 2 Gb,265 Mb, 
328,System Time: 33 second, System Mem: 2 Gb,379 Mb, 
329,System Time: 23 second, System Mem: 3 Gb,494 Mb, 
330,System Time: 40 second, System Mem: 2 Gb,446 Mb, 
331,System Time: 37 second, System Mem: 2 Gb,449 Mb, 
332,System Time: 24 second, System Mem: 3 Gb,455 Mb, 
333,System Time: 32 second, System Mem: 2 Gb,393 Mb, 
334,System Time: 27 second, System Mem: 3 Gb,325 Mb, 
335,System Time: 25 second, System Mem: 3 Gb,392 Mb, 
336,System Time: 43 second, System Mem: 2 Gb,449 Mb, 
337,System Time: 35 second, System Mem: 3 Gb,445 Mb, 
338,System Time: 22 second, System Mem: 2 Gb,468 Mb, 
339,System Time: 30 second, System Mem: 3 Gb,298 Mb, 
340,System Time: 38 second, System Mem: 3 Gb,448 Mb, 
341,System Time: 27 second, System Mem: 3 Gb,486 Mb, 
342,System Time: 41 second, System Mem: 3 Gb,357 Mb, 
343,System Time: 31 second, System Mem: 3 Gb,496 Mb, 
344,System Time: 44 second, System Mem: 2 Gb,299 Mb, 
345,System Time: 45 second, System Mem: 2 Gb,348 Mb, 
346,System Time: 40 second, System Mem: 2 Gb,299 Mb, 
347,System Time: 38 second, System Mem: 3 Gb,467 Mb, 
348,System Time: 38 second, System Mem: 3 Gb,469 Mb, 
349,System Time: 24 second, System Mem: 3 Gb,336 Mb, 
350,System Time: 34 second, System Mem: 2 Gb,350 Mb, 
351,System Time: 34 second, System Mem: 2 Gb,265 Mb, 
352,System Time: 32 second, System Mem: 3 Gb,330 Mb, 
353,System Time: 33 second, System Mem: 3 Gb,304 Mb, 
354,System Time: 20 second, System Mem: 2 Gb,464 Mb, 
355,System Time: 22 second, System Mem: 2 Gb,289 Mb, 
356,System Time: 25 second, System Mem: 2 Gb,385 Mb, 
357,System Time: 39 second, System Mem: 3 Gb,302 Mb, 
358,System Time: 29 second, System Mem: 3 Gb,472 Mb, 
359,System Time: 33 second, System Mem: 2 Gb,451 Mb, 
360,System Time: 27 second, System Mem: 3 Gb,464 Mb, 
361,System Time: 31 second, System Mem: 2 Gb,268 Mb, 
362,System Time: 43 second, System Mem: 2 Gb,432 Mb, 
363,System Time: 40 second, System Mem: 2 Gb,297 Mb, 
364,System Time: 20 second, System Mem: 2 Gb,470 Mb, 
365,System Time: 41 second, System Mem: 3 Gb,374 Mb, 
366,System Time: 34 second, System Mem: 2 Gb,311 Mb, 
367,System Time: 36 second, System Mem: 3 Gb,414 Mb, 
368,System Time: 31 second, System Mem: 3 Gb,410 Mb, 
369,System Time: 38 second, System Mem: 3 Gb,303 Mb, 
370,System Time: 39 second, System Mem: 2 Gb,295 Mb, 
371,System Time: 32 second, System Mem: 3 Gb,397 Mb, 
372,System Time: 22 second, System Mem: 3 Gb,472 Mb, 
373,System Time: 43 second, System Mem: 2 Gb,325 Mb, 
374,System Time: 42 second, System Mem: 3 Gb,512 Mb, 
375,System Time: 40 second, System Mem: 2 Gb,509 Mb, 
376,System Time: 40 second, System Mem: 2 Gb,356 Mb, 
377,System Time: 22 second, System Mem: 3 Gb,257 Mb, 
378,System Time: 28 second, System Mem: 3 Gb,510 Mb, 
379,System Time: 40 second, System Mem: 3 Gb,362 Mb, 
380,System Time: 34 second, System Mem: 2 Gb,329 Mb, 
381,System Time: 40 second, System Mem: 2 Gb,296 Mb, 
382,System Time: 40 second, System Mem: 2 Gb,485 Mb, 
383,System Time: 20 second, System Mem: 2 Gb,370 Mb, 
384,System Time: 34 second, System Mem: 2 Gb,423 Mb, 
385,System Time: 26 second, System Mem: 2 Gb,385 Mb, 
386,System Time: 24 second, System Mem: 3 Gb,296 Mb, 
387,System Time: 39 second, System Mem: 3 Gb,429 Mb, 
388,System Time: 23 second, System Mem: 2 Gb,292 Mb, 
389,System Time: 29 second, System Mem: 3 Gb,273 Mb, 
390,System Time: 33 second, System Mem: 2 Gb,310 Mb, 
391,System Time: 20 second, System Mem: 3 Gb,390 Mb, 
392,System Time: 27 second, System Mem: 2 Gb,372 Mb, 
393,System Time: 39 second, System Mem: 2 Gb,476 Mb, 
394,System Time: 42 second, System Mem: 2 Gb,512 Mb, 
395,System Time: 30 second, System Mem: 2 Gb,327 Mb, 
396,System Time: 27 second, System Mem: 2 Gb,328 Mb, 
397,System Time: 24 second, System Mem: 3 Gb,340 Mb, 
398,System Time: 32 second, System Mem: 3 Gb,343 Mb, 
399,System Time: 31 second, System Mem: 2 Gb,500 Mb, 
400,System Time: 24 minute, System Mem: 3 Gb,274 Mb, 
401,System Time: 43 minute, System Mem: 3 Gb,405 Mb, 
402,System Time: 31 minute, System Mem: 3 Gb,363 Mb, 
403,System Time: 26 minute, System Mem: 2 Gb,328 Mb, 
404,System Time: 40 minute, System Mem: 3 Gb,395 Mb, 
405,System Time: 40 minute, System Mem: 2 Gb,285 Mb, 
406,System Time: 32 minute, System Mem: 2 Gb,380 Mb, 
407,System Time: 21 minute, System Mem: 2 Gb,484 Mb, 
408,System Time: 38 minute, System Mem: 2 Gb,443 Mb, 
409,System Time: 39 minute, System Mem: 3 Gb,378 Mb, 
410,System Time: 24 minute, System Mem: 3 Gb,264 Mb, 
411,System Time: 26 minute, System Mem: 3 Gb,317 Mb, 
412,System Time: 39 minute, System Mem: 3 Gb,439 Mb, 
413,System Time: 28 minute, System Mem: 3 Gb,315 Mb, 
414,System Time: 33 minute, System Mem: 3 Gb,493 Mb, 
415,System Time: 42 minute, System Mem: 2 Gb,307 Mb, 
416,System Time: 24 minute, System Mem: 3 Gb,443 Mb, 
417,System Time: 29 minute, System Mem: 2 Gb,342 Mb, 
418,System Time: 34 minute, System Mem: 3 Gb,363 Mb, 
419,System Time: 21 minute, System Mem: 2 Gb,427 Mb, 
420,System Time: 40 minute, System Mem: 3 Gb,469 Mb, 
421,System Time: 20 minute, System Mem: 2 Gb,267 Mb, 
422,System Time: 38 minute, System Mem: 3 Gb,266 Mb, 
423,System Time: 27 minute, System Mem: 3 Gb,473 Mb, 
424,System Time: 21 minute, System Mem: 3 Gb,453 Mb, 
425,System Time: 36 minute, System Mem: 2 Gb,383 Mb, 
426,System Time: 38 minute, System Mem: 2 Gb,340 Mb, 
427,System Time: 31 minute, System Mem: 3 Gb,451 Mb, 
428,System Time: 23 minute, System Mem: 3 Gb,365 Mb, 
429,System Time: 31 minute, System Mem: 2 Gb,324 Mb, 
430,System Time: 40 minute, System Mem: 3 Gb,346 Mb, 
431,System Time: 29 minute, System Mem: 3 Gb,473 Mb, 
432,System Time: 39 minute, System Mem: 3 Gb,317 Mb, 
433,System Time: 24 minute, System Mem: 3 Gb,349 Mb, 
434,System Time: 29 minute, System Mem: 3 Gb,414 Mb, 
435,System Time: 22 minute, System Mem: 3 Gb,319 Mb, 
436,System Time: 28 minute, System Mem: 2 Gb,375 Mb, 
437,System Time: 26 minute, System Mem: 3 Gb,390 Mb, 
438,System Time: 44 minute, System Mem: 3 Gb,445 Mb, 
439,System Time: 39 minute, System Mem: 3 Gb,409 Mb, 
440,System Time: 22 minute, System Mem: 2 Gb,450 Mb, 
441,System Time: 40 minute, System Mem: 2 Gb,275 Mb, 
442,System Time: 30 minute, System Mem: 2 Gb,455 Mb, 
443,System Time: 35 minute, System Mem: 3 Gb,352 Mb, 
444,System Time: 41 minute, System Mem: 2 Gb,404 Mb, 
445,System Time: 28 minute, System Mem: 2 Gb,398 Mb, 
446,System Time: 21 minute, System Mem: 2 Gb,493 Mb, 
447,System Time: 41 minute, System Mem: 2 Gb,294 Mb, 
448,System Time: 25 minute, System Mem: 3 Gb,308 Mb, 
449,System Time: 42 minute, System Mem: 2 Gb,380 Mb, 
450,System Time: 37 minute, System Mem: 2 Gb,483 Mb, 
451,System Time: 44 minute, System Mem: 3 Gb,389 Mb, 
452,System Time: 23 minute, System Mem: 3 Gb,398 Mb, 
453,System Time: 38 minute, System Mem: 3 Gb,313 Mb, 
454,System Time: 43 minute, System Mem: 3 Gb,336 Mb, 
455,System Time: 21 minute, System Mem: 2 Gb,290 Mb, 
456,System Time: 29 minute, System Mem: 3 Gb,425 Mb, 
457,System Time: 30 minute, System Mem: 2 Gb,269 Mb, 
458,System Time: 39 minute, System Mem: 3 Gb,350 Mb, 
459,System Time: 33 minute, System Mem: 3 Gb,289 Mb, 
460,System Time: 34 minute, System Mem: 2 Gb,367 Mb, 
461,System Time: 38 minute, System Mem: 2 Gb,293 Mb, 
462,System Time: 41 minute, System Mem: 2 Gb,272 Mb, 
463,System Time: 31 minute, System Mem: 3 Gb,483 Mb, 
464,System Time: 36 minute, System Mem: 2 Gb,435 Mb, 
465,System Time: 29 minute, System Mem: 2 Gb,463 Mb, 
466,System Time: 34 minute, System Mem: 3 Gb,442 Mb, 
467,System Time: 44 minute, System Mem: 3 Gb,382 Mb, 
468,System Time: 38 minute, System Mem: 3 Gb,507 Mb, 
469,System Time: 31 minute, System Mem: 2 Gb,506 Mb, 
470,System Time: 29 minute, System Mem: 3 Gb,280 Mb, 
471,System Time: 27 minute, System Mem: 3 Gb,313 Mb, 
472,System Time: 30 minute, System Mem: 2 Gb,345 Mb, 
473,System Time: 21 minute, System Mem: 2 Gb,461 Mb, 
474,System Time: 28 minute, System Mem: 2 Gb,382 Mb, 
475,System Time: 38 minute, System Mem: 2 Gb,370 Mb, 
476,System Time: 22 minute, System Mem: 2 Gb,366 Mb, 
477,System Time: 24 minute, System Mem: 3 Gb,379 Mb, 
478,System Time: 25 minute, System Mem: 3 Gb,373 Mb, 
479,System Time: 33 minute, System Mem: 3 Gb,486 Mb, 
480,System Time: 26 minute, System Mem: 2 Gb,441 Mb, 
481,System Time: 34 minute, System Mem: 3 Gb,343 Mb, 
482,System Time: 28 minute, System Mem: 2 Gb,446 Mb, 
483,System Time: 26 minute, System Mem: 2 Gb,477 Mb, 
484,System Time: 45 minute, System Mem: 2 Gb,398 Mb, 
485,System Time: 31 minute, System Mem: 2 Gb,334 Mb, 
486,System Time: 33 minute, System Mem: 2 Gb,441 Mb, 
487,System Time: 33 minute, System Mem: 2 Gb,467 Mb, 
488,System Time: 22 minute, System Mem: 2 Gb,441 Mb, 
489,System Time: 40 minute, System Mem: 2 Gb,450 Mb, 
490,System Time: 24 minute, System Mem: 3 Gb,360 Mb, 
491,System Time: 22 minute, System Mem: 2 Gb,351 Mb, 
492,System Time: 32 minute, System Mem: 2 Gb,267 Mb, 
493,System Time: 20 minute, System Mem: 2 Gb,342 Mb, 
494,System Time: 30 minute, System Mem: 2 Gb,342 Mb, 
495,System Time: 34 minute, System Mem: 2 Gb,258 Mb, 
496,System Time: 43 minute, System Mem: 3 Gb,310 Mb, 
497,System Time: 36 minute, System Mem: 2 Gb,385 Mb, 
498,System Time: 21 minute, System Mem: 3 Gb,258 Mb, 
499,System Time: 42 minute, System Mem: 3 Gb,398 Mb, 
500,System Time: 24 minute, System Mem: 3 Gb,265 Mb, 
501,System Time: 34 minute, System Mem: 3 Gb,490 Mb, 
502,System Time: 35 minute, System Mem: 2 Gb,370 Mb, 
503,System Time: 42 minute, System Mem: 2 Gb,503 Mb, 
504,System Time: 29 minute, System Mem: 3 Gb,364 Mb, 
505,System Time: 45 minute, System Mem: 3 Gb,470 Mb, 
506,System Time: 25 minute, System Mem: 2 Gb,414 Mb, 
507,System Time: 45 minute, System Mem: 3 Gb,415 Mb, 
508,System Time: 23 minute, System Mem: 3 Gb,379 Mb, 
509,System Time: 29 minute, System Mem: 3 Gb,325 Mb, 
510,System Time: 44 minute, System Mem: 2 Gb,302 Mb, 
511,System Time: 36 minute, System Mem: 2 Gb,403 Mb, 
512,System Time: 39 minute, System Mem: 2 Gb,406 Mb, 
513,System Time: 32 minute, System Mem: 2 Gb,441 Mb, 
514,System Time: 22 minute, System Mem: 2 Gb,402 Mb, 
515,System Time: 44 minute, System Mem: 3 Gb,372 Mb, 
516,System Time: 36 minute, System Mem: 2 Gb,450 Mb, 
517,System Time: 23 minute, System Mem: 2 Gb,266 Mb, 
518,System Time: 33 minute, System Mem: 2 Gb,372 Mb, 
519,System Time: 45 minute, System Mem: 2 Gb,339 Mb, 
520,System Time: 33 minute, System Mem: 2 Gb,380 Mb, 
521,System Time: 20 minute, System Mem: 3 Gb,463 Mb, 
522,System Time: 24 minute, System Mem: 2 Gb,498 Mb, 
523,System Time: 25 minute, System Mem: 2 Gb,304 Mb, 
524,System Time: 42 minute, System Mem: 2 Gb,497 Mb, 
525,System Time: 39 minute, System Mem: 3 Gb,429 Mb, 
526,System Time: 39 minute, System Mem: 2 Gb,281 Mb, 
527,System Time: 30 minute, System Mem: 2 Gb,512 Mb, 
528,System Time: 24 minute, System Mem: 3 Gb,427 Mb, 
529,System Time: 27 minute, System Mem: 3 Gb,496 Mb, 
530,System Time: 40 minute, System Mem: 3 Gb,504 Mb, 
531,System Time: 29 minute, System Mem: 2 Gb,329 Mb, 
532,System Time: 32 minute, System Mem: 2 Gb,496 Mb, 
533,System Time: 44 minute, System Mem: 3 Gb,455 Mb, 
534,System Time: 30 minute, System Mem: 2 Gb,301 Mb, 
535,System Time: 41 minute, System Mem: 3 Gb,284 Mb, 
536,System Time: 20 minute, System Mem: 3 Gb,265 Mb, 
537,System Time: 22 minute, System Mem: 2 Gb,310 Mb, 
538,System Time: 21 minute, System Mem: 3 Gb,492 Mb, 
539,System Time: 40 minute, System Mem: 2 Gb,335 Mb, 
540,System Time: 27 minute, System Mem: 2 Gb,274 Mb, 
541,System Time: 38 minute, System Mem: 2 Gb,256 Mb, 
542,System Time: 29 minute, System Mem: 2 Gb,289 Mb, 
543,System Time: 45 minute, System Mem: 2 Gb,353 Mb, 
544,System Time: 33 minute, System Mem: 2 Gb,474 Mb, 
545,System Time: 38 minute, System Mem: 2 Gb,510 Mb, 
546,System Time: 39 minute, System Mem: 2 Gb,331 Mb, 
547,System Time: 23 minute, System Mem: 2 Gb,354 Mb, 
548,System Time: 21 minute, System Mem: 2 Gb,425 Mb, 
549,System Time: 35 minute, System Mem: 3 Gb,284 Mb, 
550,System Time: 24 minute, System Mem: 2 Gb,370 Mb, 
551,System Time: 45 minute, System Mem: 2 Gb,378 Mb, 
552,System Time: 21 minute, System Mem: 3 Gb,479 Mb, 
553,System Time: 29 minute, System Mem: 3 Gb,482 Mb, 
554,System Time: 20 minute, System Mem: 3 Gb,464 Mb, 
555,System Time: 43 minute, System Mem: 3 Gb,490 Mb, 
556,System Time: 36 minute, System Mem: 3 Gb,503 Mb, 
557,System Time: 40 minute, System Mem: 3 Gb,466 Mb, 
558,System Time: 42 minute, System Mem: 2 Gb,375 Mb, 
559,System Time: 38 minute, System Mem: 2 Gb,415 Mb, 
560,System Time: 29 minute, System Mem: 3 Gb,411 Mb, 
561,System Time: 22 minute, System Mem: 3 Gb,283 Mb, 
562,System Time: 37 minute, System Mem: 2 Gb,461 Mb, 
563,System Time: 41 minute, System Mem: 3 Gb,411 Mb, 
564,System Time: 20 minute, System Mem: 2 Gb,393 Mb, 
565,System Time: 30 minute, System Mem: 2 Gb,404 Mb, 
566,System Time: 41 minute, System Mem: 2 Gb,427 Mb, 
567,System Time: 22 minute, System Mem: 2 Gb,449 Mb, 
568,System Time: 41 minute, System Mem: 3 Gb,493 Mb, 
569,System Time: 29 minute, System Mem: 2 Gb,435 Mb, 
570,System Time: 29 minute, System Mem: 3 Gb,357 Mb, 
571,System Time: 27 minute, System Mem: 3 Gb,377 Mb, 
572,System Time: 32 minute, System Mem: 3 Gb,482 Mb, 
573,System Time: 30 minute, System Mem: 2 Gb,380 Mb, 
574,System Time: 36 minute, System Mem: 2 Gb,328 Mb, 
575,System Time: 32 minute, System Mem: 2 Gb,476 Mb, 
576,System Time: 33 minute, System Mem: 3 Gb,363 Mb, 
577,System Time: 44 minute, System Mem: 2 Gb,307 Mb, 
578,System Time: 44 minute, System Mem: 2 Gb,350 Mb, 
579,System Time: 38 minute, System Mem: 2 Gb,322 Mb, 
580,System Time: 42 minute, System Mem: 2 Gb,318 Mb, 
581,System Time: 31 minute, System Mem: 2 Gb,507 Mb, 
582,System Time: 35 minute, System Mem: 2 Gb,320 Mb, 
583,System Time: 34 minute, System Mem: 2 Gb,409 Mb, 
584,System Time: 22 minute, System Mem: 2 Gb,471 Mb, 
585,System Time: 44 minute, System Mem: 3 Gb,347 Mb, 
586,System Time: 43 minute, System Mem: 3 Gb,370 Mb, 
587,System Time: 32 minute, System Mem: 3 Gb,359 Mb, 
588,System Time: 28 minute, System Mem: 3 Gb,419 Mb, 
589,System Time: 21 minute, System Mem: 3 Gb,370 Mb, 
590,System Time: 20 minute, System Mem: 3 Gb,260 Mb, 
591,System Time: 27 minute, System Mem: 3 Gb,263 Mb, 
592,System Time: 44 minute, System Mem: 3 Gb,482 Mb, 
593,System Time: 29 minute, System Mem: 3 Gb,326 Mb, 
594,System Time: 26 minute, System Mem: 2 Gb,340 Mb, 
595,System Time: 26 minute, System Mem: 3 Gb,479 Mb, 
596,System Time: 45 minute, System Mem: 2 Gb,460 Mb, 
597,System Time: 29 minute, System Mem: 3 Gb,479 Mb, 
598,System Time: 26 minute, System Mem: 3 Gb,401 Mb, 
599,System Time: 20 minute, System Mem: 2 Gb,308 Mb, 
600,System Time: 30 minute, System Mem: 2 Gb,404 Mb, 
601,System Time: 33 minute, System Mem: 2 Gb,428 Mb, 
602,System Time: 36 minute, System Mem: 2 Gb,453 Mb, 
603,System Time: 21 minute, System Mem: 3 Gb,279 Mb, 
604,System Time: 24 minute, System Mem: 2 Gb,475 Mb, 
605,System Time: 35 minute, System Mem: 3 Gb,361 Mb, 
606,System Time: 43 minute, System Mem: 3 Gb,275 Mb, 
607,System Time: 44 minute, System Mem: 2 Gb,403 Mb, 
608,System Time: 34 minute, System Mem: 2 Gb,493 Mb, 
609,System Time: 27 minute, System Mem: 2 Gb,502 Mb, 
610,System Time: 33 minute, System Mem: 3 Gb,444 Mb, 
611,System Time: 44 minute, System Mem: 3 Gb,273 Mb, 
612,System Time: 31 minute, System Mem: 3 Gb,505 Mb, 
613,System Time: 30 minute, System Mem: 3 Gb,324 Mb, 
614,System Time: 31 minute, System Mem: 3 Gb,489 Mb, 
615,System Time: 35 minute, System Mem: 2 Gb,406 Mb, 
616,System Time: 24 minute, System Mem: 3 Gb,443 Mb, 
617,System Time: 22 minute, System Mem: 3 Gb,260 Mb, 
618,System Time: 40 minute, System Mem: 3 Gb,406 Mb, 
619,System Time: 38 minute, System Mem: 3 Gb,369 Mb, 
620,System Time: 27 minute, System Mem: 2 Gb,379 Mb, 
621,System Time: 26 minute, System Mem: 3 Gb,379 Mb, 
622,System Time: 35 minute, System Mem: 3 Gb,305 Mb, 
623,System Time: 29 minute, System Mem: 2 Gb,462 Mb, 
624,System Time: 30 minute, System Mem: 3 Gb,343 Mb, 
625,System Time: 42 minute, System Mem: 3 Gb,436 Mb, 
626,System Time: 25 minute, System Mem: 2 Gb,429 Mb, 
627,System Time: 35 minute, System Mem: 3 Gb,326 Mb, 
628,System Time: 20 minute, System Mem: 2 Gb,454 Mb, 
629,System Time: 30 minute, System Mem: 2 Gb,409 Mb, 
630,System Time: 43 minute, System Mem: 2 Gb,398 Mb, 
631,System Time: 22 minute, System Mem: 3 Gb,284 Mb, 
632,System Time: 41 minute, System Mem: 3 Gb,465 Mb, 
633,System Time: 23 minute, System Mem: 2 Gb,272 Mb, 
634,System Time: 21 minute, System Mem: 2 Gb,384 Mb, 
635,System Time: 36 minute, System Mem: 3 Gb,277 Mb, 
636,System Time: 35 minute, System Mem: 2 Gb,345 Mb, 
637,System Time: 37 minute, System Mem: 3 Gb,294 Mb, 
638,System Time: 38 minute, System Mem: 3 Gb,370 Mb, 
639,System Time: 29 minute, System Mem: 3 Gb,342 Mb, 
640,System Time: 23 minute, System Mem: 3 Gb,301 Mb, 
641,System Time: 31 minute, System Mem: 3 Gb,499 Mb, 
642,System Time: 44 minute, System Mem: 3 Gb,266 Mb, 
643,System Time: 23 minute, System Mem: 2 Gb,348 Mb, 
644,System Time: 40 minute, System Mem: 3 Gb,431 Mb, 
645,System Time: 33 minute, System Mem: 3 Gb,378 Mb, 
646,System Time: 33 minute, System Mem: 2 Gb,494 Mb, 
647,System Time: 30 minute, System Mem: 3 Gb,473 Mb, 
648,System Time: 24 minute, System Mem: 3 Gb,405 Mb, 
649,System Time: 20 minute, System Mem: 2 Gb,360 Mb, 
650,System Time: 20 minute, System Mem: 3 Gb,439 Mb, 
651,System Time: 23 minute, System Mem: 3 Gb,260 Mb, 
652,System Time: 24 minute, System Mem: 2 Gb,369 Mb, 
653,System Time: 33 minute, System Mem: 3 Gb,491 Mb, 
654,System Time: 29 minute, System Mem: 2 Gb,315 Mb, 
655,System Time: 33 minute, System Mem: 3 Gb,382 Mb, 
656,System Time: 34 minute, System Mem: 3 Gb,429 Mb, 
657,System Time: 39 minute, System Mem: 2 Gb,462 Mb, 
658,System Time: 39 minute, System Mem: 2 Gb,395 Mb, 
659,System Time: 29 minute, System Mem: 3 Gb,458 Mb, 
660,System Time: 26 minute, System Mem: 3 Gb,394 Mb, 
661,System Time: 24 minute, System Mem: 3 Gb,261 Mb, 
662,System Time: 35 minute, System Mem: 3 Gb,367 Mb, 
663,System Time: 42 minute, System Mem: 2 Gb,295 Mb, 
664,System Time: 25 minute, System Mem: 3 Gb,358 Mb, 
665,System Time: 34 minute, System Mem: 2 Gb,444 Mb, 
666,System Time: 21 minute, System Mem: 2 Gb,490 Mb, 
667,System Time: 35 minute, System Mem: 3 Gb,447 Mb, 
668,System Time: 23 minute, System Mem: 2 Gb,417 Mb, 
669,System Time: 36 minute, System Mem: 2 Gb,382 Mb, 
670,System Time: 38 minute, System Mem: 3 Gb,438 Mb, 
671,System Time: 28 minute, System Mem: 2 Gb,296 Mb, 
672,System Time: 32 minute, System Mem: 2 Gb,305 Mb, 
673,System Time: 26 minute, System Mem: 2 Gb,309 Mb, 
674,System Time: 37 minute, System Mem: 2 Gb,476 Mb, 
675,System Time: 30 minute, System Mem: 3 Gb,411 Mb, 
676,System Time: 32 minute, System Mem: 2 Gb,314 Mb, 
677,System Time: 42 minute, System Mem: 3 Gb,433 Mb, 
678,System Time: 45 minute, System Mem: 2 Gb,390 Mb, 
679,System Time: 40 minute, System Mem: 3 Gb,512 Mb, 
680,System Time: 27 minute, System Mem: 3 Gb,392 Mb, 
681,System Time: 43 minute, System Mem: 3 Gb,423 Mb, 
682,System Time: 32 minute, System Mem: 2 Gb,472 Mb, 
683,System Time: 26 minute, System Mem: 3 Gb,399 Mb, 
684,System Time: 22 minute, System Mem: 2 Gb,430 Mb, 
685,System Time: 39 minute, System Mem: 3 Gb,355 Mb, 
686,System Time: 20 minute, System Mem: 3 Gb,396 Mb, 
687,System Time: 28 minute, System Mem: 3 Gb,362 Mb, 
688,System Time: 24 minute, System Mem: 3 Gb,407 Mb, 
689,System Time: 26 minute, System Mem: 3 Gb,419 Mb, 
690,System Time: 20 minute, System Mem: 2 Gb,449 Mb, 
691,System Time: 45 minute, System Mem: 3 Gb,270 Mb, 
692,System Time: 33 minute, System Mem: 3 Gb,397 Mb, 
693,System Time: 34 minute, System Mem: 2 Gb,506 Mb, 
694,System Time: 45 minute, System Mem: 2 Gb,343 Mb, 
695,System Time: 21 minute, System Mem: 2 Gb,489 Mb, 
696,System Time: 20 minute, System Mem: 3 Gb,259 Mb, 
697,System Time: 21 minute, System Mem: 2 Gb,362 Mb, 
698,System Time: 45 minute, System Mem: 3 Gb,430 Mb, 
699,System Time: 43 minute, System Mem: 2 Gb,263 Mb, 
700,System Time: 42 minute, System Mem: 3 Gb,472 Mb, 
701,System Time: 32 minute, System Mem: 3 Gb,506 Mb, 
702,System Time: 23 minute, System Mem: 3 Gb,269 Mb, 
703,System Time: 41 minute, System Mem: 2 Gb,439 Mb, 
704,System Time: 35 minute, System Mem: 3 Gb,475 Mb, 
705,System Time: 31 minute, System Mem: 2 Gb,453 Mb, 
706,System Time: 31 minute, System Mem: 2 Gb,448 Mb, 
707,System Time: 31 minute, System Mem: 2 Gb,512 Mb, 
708,System Time: 22 minute, System Mem: 2 Gb,320 Mb, 
709,System Time: 39 minute, System Mem: 3 Gb,453 Mb, 
710,System Time: 30 minute, System Mem: 3 Gb,305 Mb, 
711,System Time: 44 minute, System Mem: 2 Gb,495 Mb, 
712,System Time: 21 minute, System Mem: 2 Gb,452 Mb, 
713,System Time: 39 minute, System Mem: 2 Gb,449 Mb, 
714,System Time: 42 minute, System Mem: 3 Gb,379 Mb, 
715,System Time: 43 minute, System Mem: 3 Gb,385 Mb, 
716,System Time: 42 minute, System Mem: 3 Gb,265 Mb, 
717,System Time: 21 minute, System Mem: 2 Gb,504 Mb, 
718,System Time: 41 minute, System Mem: 3 Gb,460 Mb, 
719,System Time: 23 minute, System Mem: 3 Gb,359 Mb, 
720,System Time: 25 minute, System Mem: 3 Gb,389 Mb, 
721,System Time: 44 minute, System Mem: 2 Gb,426 Mb, 
722,System Time: 30 minute, System Mem: 3 Gb,334 Mb, 
723,System Time: 44 minute, System Mem: 2 Gb,274 Mb, 
724,System Time: 23 minute, System Mem: 3 Gb,480 Mb, 
725,System Time: 29 minute, System Mem: 2 Gb,266 Mb, 
726,System Time: 44 minute, System Mem: 3 Gb,449 Mb, 
727,System Time: 34 minute, System Mem: 3 Gb,408 Mb, 
728,System Time: 28 minute, System Mem: 3 Gb,354 Mb, 
729,System Time: 25 minute, System Mem: 2 Gb,447 Mb, 
730,System Time: 34 minute, System Mem: 3 Gb,455 Mb, 
731,System Time: 28 minute, System Mem: 2 Gb,415 Mb, 
732,System Time: 29 minute, System Mem: 3 Gb,339 Mb, 
733,System Time: 36 minute, System Mem: 3 Gb,424 Mb, 
734,System Time: 45 minute, System Mem: 2 Gb,325 Mb, 
735,System Time: 23 minute, System Mem: 2 Gb,332 Mb, 
736,System Time: 40 minute, System Mem: 3 Gb,357 Mb, 
737,System Time: 24 minute, System Mem: 2 Gb,497 Mb, 
738,System Time: 40 minute, System Mem: 3 Gb,396 Mb, 
739,System Time: 31 minute, System Mem: 3 Gb,286 Mb, 
740,System Time: 40 minute, System Mem: 3 Gb,459 Mb, 
741,System Time: 29 minute, System Mem: 2 Gb,462 Mb, 
742,System Time: 33 minute, System Mem: 3 Gb,285 Mb, 
743,System Time: 21 minute, System Mem: 3 Gb,331 Mb, 
744,System Time: 37 minute, System Mem: 3 Gb,360 Mb, 
745,System Time: 39 minute, System Mem: 3 Gb,457 Mb, 
746,System Time: 29 minute, System Mem: 3 Gb,363 Mb, 
747,System Time: 22 minute, System Mem: 2 Gb,430 Mb, 
748,System Time: 33 minute, System Mem: 2 Gb,356 Mb, 
749,System Time: 21 minute, System Mem: 2 Gb,278 Mb, 
750,System Time: 43 minute, System Mem: 3 Gb,297 Mb, 
751,System Time: 20 minute, System Mem: 3 Gb,386 Mb, 
752,System Time: 26 minute, System Mem: 3 Gb,500 Mb, 
753,System Time: 23 minute, System Mem: 3 Gb,355 Mb, 
754,System Time: 44 minute, System Mem: 2 Gb,307 Mb, 
755,System Time: 39 minute, System Mem: 2 Gb,472 Mb, 
756,System Time: 44 minute, System Mem: 2 Gb,404 Mb, 
757,System Time: 22 minute, System Mem: 3 Gb,287 Mb, 
758,System Time: 25 minute, System Mem: 2 Gb,448 Mb, 
759,System Time: 36 minute, System Mem: 3 Gb,499 Mb, 
760,System Time: 23 minute, System Mem: 2 Gb,284 Mb, 
761,System Time: 45 minute, System Mem: 3 Gb,260 Mb, 
762,System Time: 41 minute, System Mem: 3 Gb,288 Mb, 
763,System Time: 22 minute, System Mem: 2 Gb,284 Mb, 
764,System Time: 27 minute, System Mem: 2 Gb,483 Mb, 
765,System Time: 20 minute, System Mem: 2 Gb,295 Mb, 
766,System Time: 34 minute, System Mem: 2 Gb,277 Mb, 
767,System Time: 23 minute, System Mem: 2 Gb,379 Mb, 
768,System Time: 20 minute, System Mem: 3 Gb,485 Mb, 
769,System Time: 32 minute, System Mem: 2 Gb,511 Mb, 
770,System Time: 35 minute, System Mem: 2 Gb,264 Mb, 
771,System Time: 41 minute, System Mem: 3 Gb,322 Mb, 
772,System Time: 32 minute, System Mem: 2 Gb,279 Mb, 
773,System Time: 37 minute, System Mem: 3 Gb,496 Mb, 
774,System Time: 24 minute, System Mem: 3 Gb,306 Mb, 
775,System Time: 45 minute, System Mem: 3 Gb,399 Mb, 
776,System Time: 39 minute, System Mem: 3 Gb,433 Mb, 
777,System Time: 20 minute, System Mem: 2 Gb,384 Mb, 
778,System Time: 27 minute, System Mem: 3 Gb,370 Mb, 
779,System Time: 37 minute, System Mem: 3 Gb,340 Mb, 
780,System Time: 40 minute, System Mem: 3 Gb,432 Mb, 
781,System Time: 40 minute, System Mem: 3 Gb,397 Mb, 
782,System Time: 34 minute, System Mem: 2 Gb,289 Mb, 
783,System Time: 26 minute, System Mem: 3 Gb,282 Mb, 
784,System Time: 34 minute, System Mem: 3 Gb,473 Mb, 
785,System Time: 24 minute, System Mem: 2 Gb,384 Mb, 
786,System Time: 36 minute, System Mem: 3 Gb,485 Mb, 
787,System Time: 38 minute, System Mem: 2 Gb,326 Mb, 
788,System Time: 37 minute, System Mem: 3 Gb,362 Mb, 
789,System Time: 29 minute, System Mem: 2 Gb,368 Mb, 
790,System Time: 24 minute, System Mem: 2 Gb,308 Mb, 
791,System Time: 44 minute, System Mem: 2 Gb,398 Mb, 
792,System Time: 39 minute, System Mem: 2 Gb,452 Mb, 
793,System Time: 20 minute, System Mem: 2 Gb,384 Mb, 
794,System Time: 27 minute, System Mem: 3 Gb,452 Mb, 
795,System Time: 22 minute, System Mem: 2 Gb,357 Mb, 
796,System Time: 28 minute, System Mem: 3 Gb,318 Mb, 
797,System Time: 43 minute, System Mem: 3 Gb,301 Mb, 
798,System Time: 24 minute, System Mem: 3 Gb,454 Mb, 
799,System Time: 24 minute, System Mem: 2 Gb,390 Mb, 
800,System Time: 31 minute, System Mem: 3 Gb,424 Mb, 
801,System Time: 35 minute, System Mem: 3 Gb,371 Mb, 
802,System Time: 27 minute, System Mem: 2 Gb,426 Mb, 
803,System Time: 35 minute, System Mem: 2 Gb,311 Mb, 
804,System Time: 30 minute, System Mem: 3 Gb,272 Mb, 
805,System Time: 20 minute, System Mem: 3 Gb,397 Mb, 
806,System Time: 44 minute, System Mem: 2 Gb,502 Mb, 
807,System Time: 22 minute, System Mem: 3 Gb,436 Mb, 
808,System Time: 36 minute, System Mem: 2 Gb,345 Mb, 
809,System Time: 43 minute, System Mem: 2 Gb,298 Mb, 
810,System Time: 32 minute, System Mem: 2 Gb,468 Mb, 
811,System Time: 37 minute, System Mem: 2 Gb,279 Mb, 
812,System Time: 33 minute, System Mem: 2 Gb,344 Mb, 
813,System Time: 23 minute, System Mem: 3 Gb,418 Mb, 
814,System Time: 38 minute, System Mem: 2 Gb,309 Mb, 
815,System Time: 20 minute, System Mem: 2 Gb,260 Mb, 
816,System Time: 37 minute, System Mem: 2 Gb,400 Mb, 
817,System Time: 44 minute, System Mem: 2 Gb,477 Mb, 
818,System Time: 38 minute, System Mem: 3 Gb,296 Mb, 
819,System Time: 25 minute, System Mem: 3 Gb,461 Mb, 
820,System Time: 20 minute, System Mem: 2 Gb,490 Mb, 
821,System Time: 30 minute, System Mem: 3 Gb,503 Mb, 
822,System Time: 33 minute, System Mem: 3 Gb,377 Mb, 
823,System Time: 31 minute, System Mem: 2 Gb,475 Mb, 
824,System Time: 42 minute, System Mem: 3 Gb,295 Mb, 
825,System Time: 45 minute, System Mem: 3 Gb,476 Mb, 
826,System Time: 36 minute, System Mem: 2 Gb,259 Mb, 
827,System Time: 33 minute, System Mem: 3 Gb,381 Mb, 
828,System Time: 21 minute, System Mem: 3 Gb,317 Mb, 
829,System Time: 38 minute, System Mem: 3 Gb,341 Mb, 
830,System Time: 42 minute, System Mem: 3 Gb,446 Mb, 
831,System Time: 42 minute, System Mem: 3 Gb,424 Mb, 
832,System Time: 31 minute, System Mem: 2 Gb,464 Mb, 
833,System Time: 38 minute, System Mem: 2 Gb,393 Mb, 
834,System Time: 21 minute, System Mem: 2 Gb,390 Mb, 
835,System Time: 25 minute, System Mem: 2 Gb,407 Mb, 
836,System Time: 43 minute, System Mem: 3 Gb,398 Mb, 
837,System Time: 26 minute, System Mem: 3 Gb,300 Mb, 
838,System Time: 37 minute, System Mem: 2 Gb,398 Mb, 
839,System Time: 41 minute, System Mem: 2 Gb,352 Mb, 
840,System Time: 39 minute, System Mem: 2 Gb,348 Mb, 
841,System Time: 29 minute, System Mem: 3 Gb,337 Mb, 
842,System Time: 36 minute, System Mem: 2 Gb,330 Mb, 
843,System Time: 41 minute, System Mem: 2 Gb,509 Mb, 
844,System Time: 41 minute, System Mem: 3 Gb,461 Mb, 
845,System Time: 27 minute, System Mem: 2 Gb,380 Mb, 
846,System Time: 45 minute, System Mem: 2 Gb,379 Mb, 
847,System Time: 27 minute, System Mem: 3 Gb,451 Mb, 
848,System Time: 24 minute, System Mem: 2 Gb,462 Mb, 
849,System Time: 41 minute, System Mem: 3 Gb,351 Mb, 
850,System Time: 25 minute, System Mem: 3 Gb,412 Mb, 
851,System Time: 21 minute, System Mem: 3 Gb,451 Mb, 
852,System Time: 22 minute, System Mem: 2 Gb,488 Mb, 
853,System Time: 33 minute, System Mem: 2 Gb,335 Mb, 
854,System Time: 34 minute, System Mem: 2 Gb,505 Mb, 
855,System Time: 24 minute, System Mem: 2 Gb,346 Mb, 
856,System Time: 34 minute, System Mem: 3 Gb,511 Mb, 
857,System Time: 29 minute, System Mem: 3 Gb,346 Mb, 
858,System Time: 39 minute, System Mem: 3 Gb,359 Mb, 
859,System Time: 44 minute, System Mem: 2 Gb,406 Mb, 
860,System Time: 45 minute, System Mem: 2 Gb,382 Mb, 
861,System Time: 27 minute, System Mem: 3 Gb,389 Mb, 
862,System Time: 29 minute, System Mem: 2 Gb,309 Mb, 
863,System Time: 21 minute, System Mem: 2 Gb,409 Mb, 
864,System Time: 37 minute, System Mem: 3 Gb,302 Mb, 
865,System Time: 29 minute, System Mem: 3 Gb,444 Mb, 
866,System Time: 22 minute, System Mem: 3 Gb,487 Mb, 
867,System Time: 44 minute, System Mem: 3 Gb,507 Mb, 
868,System Time: 36 minute, System Mem: 3 Gb,444 Mb, 
869,System Time: 45 minute, System Mem: 2 Gb,312 Mb, 
870,System Time: 37 minute, System Mem: 2 Gb,414 Mb, 
871,System Time: 20 minute, System Mem: 2 Gb,384 Mb, 
872,System Time: 27 minute, System Mem: 2 Gb,489 Mb, 
873,System Time: 39 minute, System Mem: 2 Gb,379 Mb, 
874,System Time: 34 minute, System Mem: 3 Gb,412 Mb, 
875,System Time: 26 minute, System Mem: 3 Gb,386 Mb, 
876,System Time: 33 minute, System Mem: 2 Gb,289 Mb, 
877,System Time: 23 minute, System Mem: 2 Gb,505 Mb, 
878,System Time: 27 minute, System Mem: 3 Gb,412 Mb, 
879,System Time: 35 minute, System Mem: 2 Gb,487 Mb, 
880,System Time: 45 minute, System Mem: 3 Gb,316 Mb, 
881,System Time: 45 minute, System Mem: 3 Gb,389 Mb, 
882,System Time: 35 minute, System Mem: 2 Gb,478 Mb, 
883,System Time: 25 minute, System Mem: 2 Gb,305 Mb, 
884,System Time: 22 minute, System Mem: 2 Gb,340 Mb, 
885,System Time: 33 minute, System Mem: 2 Gb,334 Mb, 
886,System Time: 24 minute, System Mem: 2 Gb,422 Mb, 
887,System Time: 34 minute, System Mem: 2 Gb,393 Mb, 
888,System Time: 32 minute, System Mem: 2 Gb,387 Mb, 
889,System Time: 45 minute, System Mem: 3 Gb,343 Mb, 
890,System Time: 28 minute, System Mem: 3 Gb,385 Mb, 
891,System Time: 21 minute, System Mem: 3 Gb,429 Mb, 
892,System Time: 27 minute, System Mem: 3 Gb,437 Mb, 
893,System Time: 42 minute, System Mem: 3 Gb,342 Mb, 
894,System Time: 44 minute, System Mem: 3 Gb,304 Mb, 
895,System Time: 31 minute, System Mem: 2 Gb,445 Mb, 
896,System Time: 29 minute, System Mem: 2 Gb,430 Mb, 
897,System Time: 44 minute, System Mem: 3 Gb,408 Mb, 
898,System Time: 42 minute, System Mem: 2 Gb,256 Mb, 
899,System Time: 30 minute, System Mem: 2 Gb,328 Mb, 
900,System Time: 37 minute, System Mem: 2 Gb,486 Mb, 
901,System Time: 44 minute, System Mem: 2 Gb,437 Mb, 
902,System Time: 34 minute, System Mem: 3 Gb,365 Mb, 
903,System Time: 36 minute, System Mem: 3 Gb,396 Mb, 
904,System Time: 23 minute, System Mem: 2 Gb,352 Mb, 
905,System Time: 31 minute, System Mem: 2 Gb,414 Mb, 
906,System Time: 25 minute, System Mem: 2 Gb,328 Mb, 
907,System Time: 24 minute, System Mem: 2 Gb,378 Mb, 
908,System Time: 43 minute, System Mem: 3 Gb,289 Mb, 
909,System Time: 29 minute, System Mem: 3 Gb,471 Mb, 
910,System Time: 20 minute, System Mem: 3 Gb,347 Mb, 
911,System Time: 34 minute, System Mem: 2 Gb,507 Mb, 
912,System Time: 26 minute, System Mem: 3 Gb,283 Mb, 
913,System Time: 39 minute, System Mem: 2 Gb,299 Mb, 
914,System Time: 36 minute, System Mem: 3 Gb,435 Mb, 
915,System Time: 20 minute, System Mem: 3 Gb,436 Mb, 
916,System Time: 40 minute, System Mem: 3 Gb,359 Mb, 
917,System Time: 38 minute, System Mem: 2 Gb,430 Mb, 
918,System Time: 25 minute, System Mem: 2 Gb,341 Mb, 
919,System Time: 26 minute, System Mem: 2 Gb,451 Mb, 
920,System Time: 31 minute, System Mem: 2 Gb,456 Mb, 
921,System Time: 24 minute, System Mem: 3 Gb,448 Mb, 
922,System Time: 22 minute, System Mem: 3 Gb,359 Mb, 
923,System Time: 36 minute, System Mem: 3 Gb,411 Mb, 
924,System Time: 37 minute, System Mem: 2 Gb,320 Mb, 
925,System Time: 37 minute, System Mem: 3 Gb,332 Mb, 
926,System Time: 31 minute, System Mem: 2 Gb,465 Mb, 
927,System Time: 29 minute, System Mem: 2 Gb,320 Mb, 
928,System Time: 23 minute, System Mem: 2 Gb,323 Mb, 
929,System Time: 25 minute, System Mem: 3 Gb,461 Mb, 
930,System Time: 33 minute, System Mem: 3 Gb,400 Mb, 
931,System Time: 40 minute, System Mem: 3 Gb,288 Mb, 
932,System Time: 41 minute, System Mem: 2 Gb,502 Mb, 
933,System Time: 40 minute, System Mem: 3 Gb,284 Mb, 
934,System Time: 29 minute, System Mem: 2 Gb,272 Mb, 
935,System Time: 35 minute, System Mem: 2 Gb,409 Mb, 
936,System Time: 23 minute, System Mem: 2 Gb,478 Mb, 
937,System Time: 20 minute, System Mem: 3 Gb,457 Mb, 
938,System Time: 21 minute, System Mem: 2 Gb,446 Mb, 
939,System Time: 21 minute, System Mem: 3 Gb,388 Mb, 
940,System Time: 20 minute, System Mem: 2 Gb,356 Mb, 
941,System Time: 39 minute, System Mem: 3 Gb,510 Mb, 
942,System Time: 29 minute, System Mem: 2 Gb,274 Mb, 
943,System Time: 37 minute, System Mem: 3 Gb,275 Mb, 
944,System Time: 41 minute, System Mem: 2 Gb,416 Mb, 
945,System Time: 44 minute, System Mem: 3 Gb,457 Mb, 
946,System Time: 45 minute, System Mem: 2 Gb,339 Mb, 
947,System Time: 44 minute, System Mem: 3 Gb,290 Mb, 
948,System Time: 36 minute, System Mem: 2 Gb,423 Mb, 
949,System Time: 34 minute, System Mem: 3 Gb,397 Mb, 
950,System Time: 28 minute, System Mem: 2 Gb,321 Mb, 
951,System Time: 44 minute, System Mem: 2 Gb,353 Mb, 
952,System Time: 23 minute, System Mem: 2 Gb,439 Mb, 
953,System Time: 41 minute, System Mem: 2 Gb,388 Mb, 
954,System Time: 43 minute, System Mem: 2 Gb,383 Mb, 
955,System Time: 28 minute, System Mem: 3 Gb,260 Mb, 
956,System Time: 36 minute, System Mem: 2 Gb,385 Mb, 
957,System Time: 35 minute, System Mem: 3 Gb,476 Mb, 
958,System Time: 42 minute, System Mem: 2 Gb,299 Mb, 
959,System Time: 32 minute, System Mem: 3 Gb,357 Mb, 
960,System Time: 40 minute, System Mem: 3 Gb,434 Mb, 
961,System Time: 29 minute, System Mem: 2 Gb,489 Mb, 
962,System Time: 31 minute, System Mem: 2 Gb,407 Mb, 
963,System Time: 26 minute, System Mem: 2 Gb,379 Mb, 
964,System Time: 45 minute, System Mem: 3 Gb,486 Mb, 
965,System Time: 35 minute, System Mem: 3 Gb,428 Mb, 
966,System Time: 41 minute, System Mem: 2 Gb,468 Mb, 
967,System Time: 31 minute, System Mem: 2 Gb,474 Mb, 
968,System Time: 29 minute, System Mem: 2 Gb,427 Mb, 
969,System Time: 30 minute, System Mem: 3 Gb,387 Mb, 
970,System Time: 45 minute, System Mem: 2 Gb,347 Mb, 
971,System Time: 37 minute, System Mem: 2 Gb,433 Mb, 
972,System Time: 24 minute, System Mem: 3 Gb,455 Mb, 
973,System Time: 45 minute, System Mem: 2 Gb,418 Mb, 
974,System Time: 25 minute, System Mem: 2 Gb,441 Mb, 
975,System Time: 38 minute, System Mem: 2 Gb,304 Mb, 
976,System Time: 21 minute, System Mem: 3 Gb,403 Mb, 
977,System Time: 36 minute, System Mem: 3 Gb,445 Mb, 
978,System Time: 35 minute, System Mem: 3 Gb,323 Mb, 
979,System Time: 40 minute, System Mem: 3 Gb,293 Mb, 
980,System Time: 23 minute, System Mem: 3 Gb,267 Mb, 
981,System Time: 34 minute, System Mem: 3 Gb,453 Mb, 
982,System Time: 33 minute, System Mem: 2 Gb,287 Mb, 
983,System Time: 24 minute, System Mem: 3 Gb,440 Mb, 
984,System Time: 39 minute, System Mem: 3 Gb,367 Mb, 
985,System Time: 25 minute, System Mem: 3 Gb,374 Mb, 
986,System Time: 23 minute, System Mem: 3 Gb,267 Mb, 
987,System Time: 30 minute, System Mem: 2 Gb,334 Mb, 
988,System Time: 26 minute, System Mem: 2 Gb,330 Mb, 
989,System Time: 34 minute, System Mem: 2 Gb,275 Mb, 
990,System Time: 30 minute, System Mem: 3 Gb,461 Mb, 
991,System Time: 30 minute, System Mem: 2 Gb,285 Mb, 
992,System Time: 22 minute, System Mem: 3 Gb,501 Mb, 
993,System Time: 33 minute, System Mem: 2 Gb,480 Mb, 
994,System Time: 37 minute, System Mem: 2 Gb,337 Mb, 
995,System Time: 31 minute, System Mem: 2 Gb,258 Mb, 
996,System Time: 31 minute, System Mem: 3 Gb,403 Mb, 
997,System Time: 36 minute, System Mem: 3 Gb,350 Mb, 
998,System Time: 44 minute, System Mem: 3 Gb,366 Mb, 
999,System Time: 20 minute, System Mem: 3 Gb,490 Mb, 
